{  
   "AtLayerInfo":{  
      "AciListWithLayerName":{  
         "ElephantLayer":[  
            {  
               "Name":"Elephant",
               "FullName":"KNPElephantLayer.Agents.Elephant, KNPElephantLayer, Version=1.0.0.0, Culture=neutral, PublicKeyToken=null",
               "InstanceCount":7501,
               "ATDsCons":[  
                  [  
                     "1",
                     "KNPElephantLayer.IKnpElephantLayer",
                     "layer",
                     "{InitializedAutomatically}",
                     "{InitializedAutomatically}"
                  ],
                  [  
                     "1",
                     "LifeAPI.Layer.RegisterAgent",
                     "registerAgent",
                     "{InitializedAutomatically}",
                     "{InitializedAutomatically}"
                  ],
                  [  
                     "1",
                     "LifeAPI.Layer.UnregisterAgent",
                     "unregisterAgent",
                     "{InitializedAutomatically}",
                     "{InitializedAutomatically}"
                  ],
                  [  
                     "1",
                     "SpatialAPI.Environment.IEnvironment",
                     "environment",
                     "{InitializedAutomatically}",
                     "{InitializedAutomatically}"
                  ],
                  [  
                     "1",
                     "KNPWaterPointLayer.IKnpWaterPointLayer",
                     "waterPointLayer",
                     "{InitializedAutomatically}",
                     "{InitializedAutomatically}"
                  ],
                  [  
                     "1",
                     "KNPWaterPotentialLayer.IWaterPotentialLayer",
                     "waterPotentialLayer",
                     "{InitializedAutomatically}",
                     "{InitializedAutomatically}"
                  ],
                  [  
                     "1",
                     "KNPObstacleLayer.IKNPObstacleLayer",
                     "obstacleLayer",
                     "{InitializedAutomatically}",
                     "{InitializedAutomatically}"
                  ],
                  [  
                     "1",
                     "MarulaLayer.Layers.IKNPMarulaLayer",
                     "marulaLayer",
                     "{InitializedAutomatically}",
                     "{InitializedAutomatically}"
                  ],
                  [  
                     "1",
                     "KNPTemperatureLayer.ITemperatureTimeSeriesLayer",
                     "temperatureTimeSeriesLayer",
                     "{InitializedAutomatically}",
                     "{InitializedAutomatically}"
                  ],
                  [  
                     "1",
                     "KNPShadeLayer.IShadeLayer",
                     "shadeLayer",
                     "{InitializedAutomatically}",
                     "{InitializedAutomatically}"
                  ],
                  [  
                     "1",
                     "System.Guid",
                     "id",
                     "{InitializedAutomatically}",
                     "{InitializedAutomatically}"
                  ],
                  [  
                     "0",
                     "System.Double",
                     "lat",
                     "t_5094dd76x6e17x4a78xbe7cx906ab3e4bd8f",
                     "c_0"
                  ],
                  [  
                     "0",
                     "System.Double",
                     "lon",
                     "t_5094dd76x6e17x4a78xbe7cx906ab3e4bd8f",
                     "c_1"
                  ],
                  [  
                     "0",
                     "System.Int32",
                     "herdId",
                     "t_5094dd76x6e17x4a78xbe7cx906ab3e4bd8f",
                     "c_2"
                  ],
                  [  
                     "0",
                     "System.String",
                     "elephantType",
                     "t_5094dd76x6e17x4a78xbe7cx906ab3e4bd8f",
                     "c_3"
                  ],
                  [  
                     "0",
                     "System.Boolean",
                     "isLeading",
                     "t_5094dd76x6e17x4a78xbe7cx906ab3e4bd8f",
                     "c_4"
                  ],
                  [  
                     "0",
                     "System.String",
                     "reproductionAge",
                     "t_5094dd76x6e17x4a78xbe7cx906ab3e4bd8f",
                     "c_5"
                  ]
               ]
            }
         ],
         "WaterPointLayer":[  
            {  
               "Name":"WaterPoint",
               "FullName":"KNPWaterPointLayer.Agents.WaterPoint, KNPWaterPointLayer, Version=1.0.0.0, Culture=neutral, PublicKeyToken=null",
               "InstanceCount":514,
               "ATDsCons":[  
                  [  
                     "1",
                     "LifeAPI.Layer.ILayer",
                     "layer",
                     "{InitializedAutomatically}",
                     "{InitializedAutomatically}"
                  ],
                  [  
                     "1",
                     "LifeAPI.Layer.RegisterAgent",
                     "regFkt",
                     "{InitializedAutomatically}",
                     "{InitializedAutomatically}"
                  ],
                  [  
                     "1",
                     "LifeAPI.Layer.UnregisterAgent",
                     "unregFkt",
                     "{InitializedAutomatically}",
                     "{InitializedAutomatically}"
                  ],
                  [  
                     "1",
                     "SpatialAPI.Environment.IEnvironment",
                     "env",
                     "{InitializedAutomatically}",
                     "{InitializedAutomatically}"
                  ],
                  [  
                     "1",
                     "System.Guid",
                     "id",
                     "{InitializedAutomatically}",
                     "{InitializedAutomatically}"
                  ],
                  [  
                     "0",
                     "System.String",
                     "waterPointName",
                     "t_13fdf107x79e7x4714x81bbxe654e6bdbdd6",
                     "c_0"
                  ],
                  [  
                     "1",
                     "System.Int32",
                     "waterPointType",
                     "System.Int32",
                     "0"
                  ],
                  [  
                     "1",
                     "System.Int32",
                     "waterPointPurpose",
                     "System.Int32",
                     "0"
                  ],
                  [  
                     "1",
                     "System.Int32",
                     "currentStatus",
                     "System.Int32",
                     "0"
                  ],
                  [  
                     "1",
                     "System.Int32",
                     "waterPointFuture",
                     "System.Int32",
                     "0"
                  ],
                  [  
                     "0",
                     "System.Double",
                     "lat",
                     "t_13fdf107x79e7x4714x81bbxe654e6bdbdd6",
                     "c_6"
                  ],
                  [  
                     "0",
                     "System.Double",
                     "lon",
                     "t_13fdf107x79e7x4714x81bbxe654e6bdbdd6",
                     "c_5"
                  ]
               ]
            }
         ],
         "MarulaLayer":[  
            {  
               "Name":"MarulaTree",
               "FullName":"MarulaLayer.Agents.MarulaTree, MarulaLayer, Version=1.0.0.0, Culture=neutral, PublicKeyToken=null",
               "InstanceCount":82722,
               "ATDsCons":[  
                  [  
                     "1",
                     "MarulaLayer.Layers.IKNPMarulaLayer",
                     "marulaLayer",
                     "{InitializedAutomatically}",
                     "{InitializedAutomatically}"
                  ],
                  [  
                     "1",
                     "LifeAPI.Layer.RegisterAgent",
                     "registerAgent",
                     "{InitializedAutomatically}",
                     "{InitializedAutomatically}"
                  ],
                  [  
                     "1",
                     "LifeAPI.Layer.UnregisterAgent",
                     "unregisterAgent",
                     "{InitializedAutomatically}",
                     "{InitializedAutomatically}"
                  ],
                  [  
                     "1",
                     "SpatialAPI.Environment.IEnvironment",
                     "env",
                     "{InitializedAutomatically}",
                     "{InitializedAutomatically}"
                  ],
                  [  
                     "1",
                     "KNPPrecipitationLayer.IPrecipitationLayer",
                     "precipitationLayer",
                     "{InitializedAutomatically}",
                     "{InitializedAutomatically}"
                  ],
                  [  
                     "1",
                     "System.Guid",
                     "id",
                     "{InitializedAutomatically}",
                     "{InitializedAutomatically}"
                  ],
                  [  
                     "0",
                     "System.Double",
                     "lat",
                     "t_312214a3x9a8ax440cxbc31xda5adef0b290",
                     "c_0"
                  ],
                  [  
                     "0",
                     "System.Double",
                     "lon",
                     "t_312214a3x9a8ax440cxbc31xda5adef0b290",
                     "c_1"
                  ],
                  [  
                     "0",
                     "System.Double",
                     "heightInM",
                     "t_312214a3x9a8ax440cxbc31xda5adef0b290",
                     "c_2"
                  ],
                  [  
                     "0",
                     "System.Int32",
                     "ageInDays",
                     "t_312214a3x9a8ax440cxbc31xda5adef0b290",
                     "c_4"
                  ],
                  [  
                     "0",
                     "System.Double",
                     "stemDiameterInM",
                     "t_312214a3x9a8ax440cxbc31xda5adef0b290",
                     "c_3"
                  ],
                  [  
                     "0",
                     "System.Int32",
                     "sex",
                     "t_312214a3x9a8ax440cxbc31xda5adef0b290",
                     "c_5"
                  ]
               ]
            }
         ]
      }
   },
   "ResultConfig":{  
      "AgentList":null
   },
   "VisualizationConfig":{  
      "AgentList":null
   },
   "SimStartDate":"1989-01-01T23:00:00:000",
   "SimEndDate":"2020-12-31T23:00:00:000",
   "SimStepDuration":"0:1:0:0:0",
   "SimDurationInSteps":183960,
   "GISLayerSourceInfo":[  

   ],
   "TSLayerSourceInfo":[  
   		[
      "TemperatureTimeSeriesLayer",
      "KNPTemperatureLayer.TemperatureTimeSeriesLayer, KNPTemperatureLayer, Version=1.0.0.0, Culture=neutral, PublicKeyToken=null",
      "m1196af49xe3ffx4b24xb02bxe715b6faae16",
      "temperature",
      "c_2"
    ],
   		[
      "PrecipitationLayer",
      "KNPPrecipitationLayer.PrecipitationLayer, KNPPrecipitationLayer, Version=1.0.0.0, Culture=neutral, PublicKeyToken=null",
      "ma56f0f44x5149x4825x9043xc060bf977362",
      "precipitationInMm",
      "c_2"
    ]
   ],
   "GeoSpatialBoundaries":[  

   ],
   "DeltaSpaceInMeters":1,
   "DeltaSpaceInChosenResolution":1,
   "ResolutionName":"m",
   "CubeUrl":null,
   "CubeName":null,
   "ModelDataId":"4d5a897b-6aa2-4b1b-a8d0-780d19929790",
   "InternalModelName":"Skukuza"
}